{"cameraMode":{"drawMode":0,"name":"Shaded","section":"Shading Mode"},"sceneLighting":false,"audioPlay":false,"sceneViewState":{"m_AlwaysRefresh":false,"showFog":true,"showSkybox":false,"showFlares":true,"showImageEffects":true,"showParticleSystems":true,"showVisualEffectGraphs":true,"m_FxEnabled":true},"in2DMode":false,"pivot":{"x":0.4839615821838379,"y":3.2210772037506105,"z":0.0041980743408203129},"rotation":{"x":0.03697126358747482,"y":-0.71588534116745,"z":0.037687964737415317,"w":0.6964023113250732},"size":3.9634997844696047,"orthographic":false}